timestamp,total weight,vessel name,ingredient sku,vessel weight,item weight,ingredient_id
2025-01-01 06:31:56,1180,sandwich counter,lemon,450,730,i141
2025-01-01 06:32:21,671,sandwich counter,batata wada chutney,450,221,i166
2025-01-01 06:32:42,903,sandwich counter,ghee,450,453,i164
2025-01-01 06:33:12,608,sandwich counter,chopped tomato,450,158,i24
2025-01-01 06:33:39,426,sandwich counter,kothimbir,450,78,i22
2025-01-01 06:34:22,5813,bain mary,shira,900,900,i165
2025-01-01 06:37:27,4010,big round tray,sabudana wada saran,800,3210,i11
2025-01-01 06:43:17,1566,small vessel,besan,400,1166,i76
2025-01-01 06:49:18,5247,dosa counter,plain dahi,650,4597,i114
2025-01-01 06:49:37,5495,dosa counter,plain dahi,650,4845,i114
2025-01-01 06:51:27,962,flat tray(taatli),mirchi,200,762,i23
2025-01-01 06:55:51,1678,small vessel,batata bhaji batata,400,1278,i81
2025-01-01 06:59:42,4445,bain mary,upma,900,3545,i104
2025-01-01 07:14:05,1222,sandwich counter,chopped tomato,450,772,i24
2025-01-01 07:29:49,11266,bain mary,misal kat,900,10366,i5
2025-01-01 07:30:39,952,sandwich counter,khobra,450,502,i82
2025-01-01 07:34:07,4002,ghamela,aloo paratha kanik,760,3242,i3
2025-01-01 07:34:43,7782,punjabi counter,dosa bhaji,1140,6642,i19
2025-01-01 07:36:35,580,sandwich counter,kothimbir,450,130,i22
2025-01-01 07:37:58,11537,bain mary,sambar,900,10637,i8
2025-01-01 07:39:07,4803,big round tray,medu wada wada,800,4003,i9
2025-01-01 07:40:59,2915,medium round tray,aloo paratha saran,500,2415,i2
2025-01-01 07:45:25,2725,big round tray,batata wada saran,800,1925,i10
2025-01-01 07:45:36,5255,ghamela,aloo paratha kanik,760,4495,i3
2025-01-01 07:49:10,2742,punjabi counter,idiyappams,1140,1602,i13
2025-01-01 07:49:24,2939,big round tray,dahi wada wada,800,2139,i12
2025-01-01 07:51:07,617,sandwich counter,matki,450,167,i87
2025-01-01 07:53:53,4789,cooker 2,idlis,2415,2374,i7
2025-01-01 08:07:54,6242,cooker 2,idlis,2415,3827,i7
2025-01-01 08:08:37,4778,pavbhaji vessel,sambar,3300,1478,i8
2025-01-01 08:36:54,8875,stew vessel,stew,1200,7675,i14
2025-01-01 08:45:43,6619,cooker 2,idlis,2415,4204,i7
2025-01-01 08:48:14,9860,bucket,sambar,1000,8860,i8
2025-01-01 09:40:31,8795,bucket,sambar,1000,7795,i8
2025-01-01 10:05:04,5653,dosa counter,plain dahi,650,5003,i114
2025-01-01 10:29:21,17825,pavbhaji vessel,patwadi rassa,3300,14525,i34
2025-01-01 10:30:53,11982,pavbhaji vessel,pavbhaji,3300,8682,i27
2025-01-01 10:49:21,5078,cooker 2,idlis,2415,2663,i7
2025-01-01 11:33:41,9503,bucket,sambar,1000,8503,i8
2025-01-01 11:42:08,4604,cooker 2,idlis,2415,2189,i7
2025-01-01 11:51:31,2648,punjabi counter,idiyappams,1140,1508,i13
2025-01-01 12:16:32,9550,bucket,sambar,1000,8550,i8
2025-01-01 12:26:55,4579,cooker 2,idlis,2415,2164,i7
2025-01-01 12:34:17,877,sandwich counter,chopped tomato,450,427,i24
2025-01-01 13:44:03,10237,bucket,sambar,1000,9237,i8
2025-01-01 13:53:47,4986,dosa counter,plain dahi,650,4336,i114
2025-01-01 14:04:41,5475,dosa counter,plain dahi,650,4825,i114
2025-01-01 14:29:04,13835,big aluminium,dosa pith,2000,11835,i18
2025-01-01 14:57:33,6576,cooker 2,idlis,2415,4161,i7
2025-01-01 16:47:46,24103,pavbhaji vessel,sambar,3300,20803,i8
2025-01-01 16:53:01,10822,pavbhaji vessel,patwadi rassa,3300,7522,i34
2025-01-01 17:28:19,10581,pavbhaji vessel,pavbhaji,3300,7281,i27
2025-01-01 17:36:57,2102,ghamela,bhajani thalipeeth,760,1342,i1
2025-01-01 17:42:52,7046,bucket,south indian chutney,1000,6046,i90
2025-01-01 18:12:06,3550,stew vessel,stew,1200,2350,i14
2025-01-01 18:52:02,2014,small vessel,besan,400,1614,i76
2025-01-01 18:54:03,4539,punjabi counter,akkha masoor,1140,3399,i35
2025-01-01 18:54:56,6767,punjabi counter,paneer butter masala,1140,5627,i38
2025-01-01 18:55:17,4806,punjabi counter,lasuni palak paneer,1140,3666,i37
2025-01-01 18:55:35,3353,dosa counter,methi mutter malai,650,2703,i39
2025-01-01 19:02:11,5647,punjabi counter,mix veg kheema,1140,4507,i36
2025-01-01 19:03:09,3728,big round tray,aloo paratha saran,800,2928,i2
2025-01-01 19:05:12,4769,punjabi counter,pithla,1140,3629,i30
2025-01-01 19:05:31,4968,punjabi counter,veg shahi kurma,1140,3828,i40
2025-01-01 19:50:05,2103,big round tray,sabudana wada saran,800,1303,i11
2025-01-01 19:55:15,1961,ghamela,bhajani thalipeeth,760,1201,i1
2025-01-01 20:15:06,10119,bain mary,sambar,900,9219,i8
2025-01-01 21:04:01,2091,steel tray,pat wadi,800,1291,i33
2025-01-01 06:43:21,1841,dosa counter,chopped kanda,650,1191,i21
2025-01-01 06:52:51,14067,set dosa vessel,set dosa pith,650,13417,i17
2025-01-01 07:24:10,871,sandwich counter,chutney sandwich,450,421,i41
2025-01-01 07:24:34,505,sandwich counter,spinach corn stuffing,450,564,i133
2025-01-01 07:24:51,320,sandwich counter,fried kanda,450,364,i134
2025-01-01 07:25:11,1450,sandwich counter,paneer peri peri,450,1000,i46
2025-01-01 07:25:23,343,sandwich counter,chopped tomato,450,298,i24
2025-01-01 07:25:41,1002,sandwich counter,paneer peri peri,450,552,i46
2025-01-01 07:25:50,537,sandwich counter,methi mutter malai,450,545,i39
2025-01-01 07:30:54,2962,dosa counter,south indian chutney,650,2312,i90
2025-01-01 07:37:22,1166,sandwich counter,south indian chutney,450,716,i90
2025-01-01 07:45:38,924,sandwich counter,chutney idiyappam,450,474,i15
2025-01-01 07:46:42,1356,sandwich counter,bombay sandwich stuffing,450,906,i135
2025-01-01 07:56:11,2101,dosa counter,chutney sandwich,650,1451,i41
2025-01-01 07:56:38,2984,steel tray,pattice,800,2184,i142
2025-01-01 07:58:12,792,sandwich counter,cucumber,450,342,i144
2025-01-01 07:58:22,842,sandwich counter,chopped tomato,450,392,i24
2025-01-01 07:58:31,495,sandwich counter,capsicum,450,45,i143
2025-01-01 07:58:40,208,sandwich counter,mirchi,450,164,i23
2025-01-01 07:58:49,732,sandwich counter,capsicum,450,282,i143
2025-01-01 07:58:58,643,sandwich counter,chopped kanda,450,193,i21
2025-01-01 07:59:46,2276,steel tray,pattice,800,1476,i142
2025-01-01 08:09:31,1483,sandwich counter,rajma bhaji,450,1033,i85
2025-01-01 08:16:32,1159,sandwich counter,paneer junglee stuffing,450,709,i136
2025-01-01 08:26:27,828,small round tray,mirchi thecha,400,428,i123
2025-01-01 08:28:20,4969,bucket,dosa pith,1000,3969,i18
2025-01-01 08:40:48,8872,pavbhaji vessel,south indian chutney,3300,5572,i90
2025-01-01 08:49:22,2423,steel tray,pattice,800,1623,i142
2025-01-01 08:59:56,756,small round tray,batata wada chutney,400,356,i166
2025-01-01 10:26:38,6324,big round tray,bhatura kanik,800,5524,i26
2025-01-01 10:34:08,9212,punjabi counter,dosa bhaji,1140,8072,i19
2025-01-01 10:49:51,4225,dosa counter,chutney idiyappam,650,3575,i15
2025-01-01 11:16:42,1344,small round tray,chopped paneer,400,944,i51
2025-01-01 11:19:15,639,small round tray,pineapple,400,239,i146
2025-01-01 11:57:34,17330,big aluminium,dosa pith,2000,15330,i18
2025-01-01 12:20:29,7057,pavbhaji vessel,south indian chutney,3300,3757,i90
2025-01-01 12:43:27,2993,empty,banana,0,2993,i147
2025-01-01 12:43:48,620,empty,dragon fruit,0,620,i152
2025-01-01 12:44:14,619,empty,oranges,0,619,i153
2025-01-01 12:44:33,8723,empty,apples,0,8723,i150
2025-01-01 12:44:50,6551,empty,blue berries,0,6551,i148
2025-01-01 12:53:25,22809,empty,watermelon,0,22809,i149
2025-01-01 14:21:10,5616,dosa counter,dosa bhaji,650,4966,i19
2025-01-01 16:30:36,445,sandwich counter,bell peppers,450,143,i140
2025-01-01 17:58:30,2879,big round tray,aloo paratha kanik,800,2079,i3
2025-01-01 18:11:03,2545,dosa counter,white sauce,650,1895,i57
2025-01-01 18:12:15,3897,ragda vessel,ragda,1200,2697,i132
2025-01-01 18:12:39,11372,big round tray,aloo paratha kanik,800,10572,i3
2025-01-01 18:27:39,2235,dosa counter,chopped kanda,650,1585,i21
2025-01-01 18:29:31,5940,punjabi counter,set dosa pith,1140,4800,i17
2025-01-01 18:34:56,647,dosa counter,kothimbir,650,125,i22
2025-01-01 18:38:19,1517,small round,lemon,350,1167,i141
2025-01-01 18:39:09,2083,dosa counter,corn,650,1433,i52
2025-01-01 18:39:57,4684,big round tray,chopped kanda,800,3884,i21
2025-01-01 18:41:27,1499,dosa counter,brocolli,650,849,i48
2025-01-01 18:50:29,116,sandwich counter,kothimbir,450,121,i22
2025-01-01 19:11:17,655,small round tray,brocolli,400,255,i48
2025-01-01 19:15:22,969,small round tray,pineapple,400,569,i146
2025-01-02 06:23:53,1313,sandwich counter,lemon,450,863,i141
2025-01-02 06:28:31,4120,bain mary,shira,900,3220,i165
2025-01-02 06:31:35,5667,dosa counter,plain dahi,650,5017,i114
2025-01-02 06:32:54,5579,dosa counter,plain dahi,650,4929,i114
2025-01-02 06:42:21,1388,sandwich counter,chopped kanda,450,938,i21
2025-01-02 06:46:53,3901,big round tray,sabudana wada saran,800,3101,i11
2025-01-02 06:49:18,6402,bain mary,upma,900,5502,i104
2025-01-02 06:55:21,2718,medium round tray,besan,500,2218,i76
2025-01-02 06:58:49,1198,flat tray(taatli),mirchi,200,998,i23
2025-01-02 07:05:46,6214,ghamela,bhajani thalipeeth,760,5454,i1
2025-01-02 07:10:16,2095,small round,batata bhaji batata,350,1745,i81
2025-01-02 07:13:35,855,sandwich counter,kothimbir,450,405,i22
2025-01-02 07:22:22,4519,ghamela,aloo paratha kanik,760,3759,i3
2025-01-02 07:23:33,4941,dosa counter,dosa bhaji,650,4291,i19
2025-01-02 07:24:43,4308,dosa counter,dosa bhaji,650,3658,i19
2025-01-02 07:26:58,2932,punjabi counter,idiyappams,1140,1792,i13
2025-01-02 07:27:13,1808,aluminium paraat,aloo paratha saran,800,1008,i2
2025-01-02 07:29:01,11707,bain mary,misal kat,900,10807,i5
2025-01-02 07:30:10,4262,big round tray,medu wada wada,800,3462,i9
2025-01-02 07:32:40,11356,bain mary,sambar,900,10456,i8
2025-01-02 07:32:50,3004,big round tray,dahi wada wada,800,2204,i12
2025-01-02 07:42:26,6444,cooker 2,idlis,2415,4029,i7
2025-01-02 07:45:51,768,sandwich counter,khobra,450,318,i82
2025-01-02 07:48:52,1443,sandwich counter,south indian chutney,450,993,i90
2025-01-02 07:57:12,7387,stew vessel,stew,1200,6187,i14
2025-01-02 07:58:53,5032,bain mary,sambar,900,4132,i8
2025-01-02 08:00:09,1028,aluminium paraat,chopped kanda,800,228,i21
2025-01-02 08:58:36,1417,sandwich counter,chutney idiyappam,450,967,i15
2025-01-02 09:20:39,9167,bucket,sambar,1000,8167,i8
2025-01-02 09:53:44,6482,cooker 2,idlis,2415,4067,i7
2025-01-02 09:55:39,9413,bucket,sambar,1000,8413,i8
2025-01-02 10:20:47,12256,pavbhaji vessel,chole,3300,8956,i25
2025-01-02 10:22:08,11198,pavbhaji vessel,pavbhaji,3300,7898,i27
2025-01-02 11:08:20,11040,pavbhaji vessel,south indian chutney,3300,7740,i90
2025-01-02 11:22:46,5838,cooker 2,idlis,2415,3423,i7
2025-01-02 11:32:57,11289,bain mary,sambar,900,10389,i8
2025-01-02 11:34:06,6131,punjabi counter,akkha masoor,1140,4991,i35
2025-01-02 11:34:20,5500,punjabi counter,veg shahi kurma,1140,4360,i40
2025-01-02 11:34:39,5821,punjabi counter,mix veg kheema,1140,4681,i36
2025-01-02 11:34:59,6394,punjabi counter,pithla,1140,5254,i30
2025-01-02 11:35:40,5746,punjabi counter,paneer butter masala,1140,4606,i38
2025-01-02 11:36:02,5312,punjabi counter,lasuni palak paneer,1140,4172,i37
2025-01-02 11:36:20,2346,steel tray,pat wadi,800,1546,i33
2025-01-02 11:36:41,7558,cooker 2,plain dal,2415,5143,i95
2025-01-02 11:38:33,7805,punjabi counter,dal khichdi dal,1140,6665,i28
2025-01-02 12:46:48,5607,dosa counter,plain dahi,650,4957,i114
2025-01-02 12:59:24,7563,bucket,sambar,1000,6563,i8
2025-01-02 13:38:22,8160,bucket,sambar,1000,7160,i8
2025-01-02 15:32:27,2325,big round tray,sabudana wada saran,800,1525,i11
2025-01-02 15:32:52,2860,medium round tray,besan,500,2360,i76
2025-01-02 15:33:39,1609,small round tray,besan,400,1209,i76
2025-01-02 15:40:24,2860,big round tray,batata wada saran,800,2060,i10
2025-01-02 16:51:57,7799,bucket,south indian chutney,1000,6799,i90
2025-01-02 16:58:15,4343,big round tray,aloo paratha kanik,800,3543,i3
2025-01-02 17:11:05,1380,big round tray,bombay sandwich stuffing,800,580,i135
2025-01-02 17:28:35,7355,aluminium vessel,batata wada saran,1700,5655,i10
2025-01-02 17:58:30,3392,ghamela,batata wada saran,760,2632,i10
2025-01-02 18:31:20,2955,big round tray,sabudana wada saran,800,2155,i11
2025-01-02 19:18:24,4722,punjabi counter,pithla,1140,3582,i30
2025-01-02 19:18:51,3790,punjabi counter,lasuni palak paneer,1140,2650,i37
2025-01-02 19:40:24,1883,medium round tray,besan,500,1383,i76
2025-01-02 20:30:40,5624,bain mary,sambar,900,4724,i8
2025-01-02 20:42:22,1049,flat tray(taatli),aloo paratha saran,200,849,i2
2025-01-02 21:35:06,2611,punjabi counter,mix veg kheema,1140,1471,i36
2025-01-02 21:39:56,3806,bain mary,misal kat,900,2906,i5
2025-01-02 06:50:21,13004,dosa vessel,dosa pith,1700,11304,i18
2025-01-02 06:50:40,14633,dosa vessel,dosa pith,1700,12933,i18
2025-01-02 07:07:38,2513,dosa counter,chopped kanda,650,1863,i21
2025-01-02 07:27:36,3131,small round tray,plain dahi,400,2731,i114
2025-01-02 07:29:06,992,sandwich counter,presto sauce,450,542,i138
2025-01-02 07:32:38,1457,sandwich counter,paneer peri peri,450,1007,i46
2025-01-02 07:33:03,634,sandwich counter,bell peppers,450,184,i140
2025-01-02 07:33:13,656,sandwich counter,spinach corn stuffing,450,206,i133
2025-01-02 07:33:34,1553,sandwich counter,paneer peri peri,450,1103,i46
2025-01-02 07:33:56,510,sandwich counter,fried kanda,450,60,i134
2025-01-02 07:34:15,716,sandwich counter,spinach corn stuffing,450,266,i133
2025-01-02 07:35:42,3482,black tray,pattice,300,3182,i142
2025-01-02 07:40:51,588,sandwich counter,chopped tomato,450,138,i24
2025-01-02 07:47:02,754,sandwich counter,chopped tomato,450,304,i24
2025-01-02 07:47:16,1125,sandwich counter,cucumber,450,675,i144
2025-01-02 07:47:24,623,sandwich counter,capsicum,450,173,i143
2025-01-02 07:47:49,806,sandwich counter,chopped kanda,450,356,i21
2025-01-02 07:52:36,2071,ghamela,veg cutting,760,1311,i42
2025-01-02 08:10:36,2851,dosa counter,south indian chutney,650,2201,i90
2025-01-02 08:17:54,2703,dosa counter,chutney sandwich,650,2053,i41
2025-01-02 08:18:22,1205,sandwich counter,rajma bhaji,450,755,i85
2025-01-02 08:18:37,3306,black tray,pattice,300,3006,i142
2025-01-02 08:22:09,1030,black tray,pattice,300,730,i142
2025-01-02 08:29:15,1221,empty,paav,0,1221,i6
2025-01-02 08:29:34,6247,empty,bread,0,6247,i50
2025-01-02 08:29:55,9489,empty,bread,0,9489,i50
2025-01-02 08:30:08,4850,empty,garlic bread,0,4850,i128
2025-01-02 08:31:02,1036,sandwich counter,paneer junglee stuffing,450,586,i136
2025-01-02 09:01:34,9433,pavbhaji vessel,south indian chutney,3300,6133,i90
2025-01-02 09:34:14,1169,small round tray,batata wada chutney,400,769,i166
2025-01-02 10:16:22,9803,big round tray,tandoori aata,800,9003,i75
2025-01-02 10:22:20,2778,dosa counter,chopped kanda,650,2128,i21
2025-01-02 10:30:29,899,small round tray,tandoor dahi,400,499,i109
2025-01-02 10:30:37,974,small round tray,chopped paneer,400,574,i51
2025-01-02 10:58:50,4473,dosa counter,mysore chutney,650,3823,i20
2025-01-02 10:59:22,739,small round tray,pineapple,400,339,i146
2025-01-02 11:20:58,1081,small round tray,brocolli,400,681,i48
2025-01-02 11:24:47,1105,small round tray,mirchi thecha,400,705,i123
2025-01-02 12:35:27,18865,big aluminium,dosa pith,2000,16865,i18
2025-01-02 12:38:39,1479,empty,banana,0,1479,i147
2025-01-02 12:39:11,1350,empty,pears,0,1350,i151
2025-01-02 12:39:24,454,empty,blue berries,0,454,i148
2025-01-02 12:40:07,492,empty,dragon fruit,0,492,i152
2025-01-02 12:40:18,4675,empty,apples,0,4675,i150
2025-01-02 12:42:24,8603,empty,watermelon,0,8603,i149
2025-01-02 12:42:42,6956,empty,watermelon,0,6956,i149
2025-01-02 12:43:00,4750,empty,watermelon,0,4750,i149
2025-01-02 12:43:21,2091,empty,watermelon,0,2091,i149
2025-01-02 12:57:50,1173,small round tray,mushroom,400,773,i47
2025-01-02 15:18:22,2046,sandwich counter,goad pani(bhel),450,1596,i60
2025-01-02 16:21:03,805,sandwich counter,chopped tomato,450,355,i24
2025-01-02 16:57:08,4026,big round tray,aloo paratha kanik,800,3226,i3
2025-01-02 17:11:44,4531,ragda vessel,ragda,1200,3331,i132
2025-01-02 17:12:34,2001,steel tray,aloo tikki,800,1201,i130
2025-01-02 17:13:12,2391,white plate,aloo tikki,340,2051,i130
2025-01-02 17:18:30,2103,empty,oranges,0,2103,i153
2025-01-02 17:18:37,2349,empty,oranges,0,2349,i153
2025-01-02 18:19:10,2312,dosa counter,chopped kanda,650,1662,i21
2025-01-02 18:27:01,759,dosa counter,kothimbir,650,109,i22
2025-01-02 18:31:14,4075,big round tray,chopped kanda,800,3275,i21
2025-01-02 18:33:58,1323,small round tray,lemon,400,923,i141
2025-01-02 21:41:43,788,small round tray,pineapple,400,388,i146
2025-01-03 06:14:07,586,sandwich counter,batata wada chutney,450,136,i166
2025-01-03 06:16:14,1042,sandwich counter,ghee,450,592,i164
2025-01-03 06:18:00,366,sandwich counter,matki,450,154,i87
2025-01-03 06:27:24,3943,bain mary,shira,900,3043,i165
2025-01-03 06:39:42,1039,sandwich counter,chopped kanda,450,589,i21
2025-01-03 06:46:59,3931,big round tray,sabudana wada saran,800,3131,i11
2025-01-03 06:54:43,2540,small vessel,besan,400,2140,i76
2025-01-03 07:00:24,2075,small round,batata bhaji batata,350,1725,i81
2025-01-03 07:07:28,1258,sandwich counter,chopped tomato,450,808,i24
2025-01-03 07:09:55,639,sandwich counter,kothimbir,450,189,i22
2025-01-03 07:12:38,6505,ghamela,bhajani thalipeeth,760,5745,i1
2025-01-03 07:18:17,2616,big round tray,dahi wada wada,800,1816,i12
2025-01-03 07:18:42,4425,big round tray,medu wada wada,800,3625,i9
2025-01-03 07:20:51,11676,bain mary,misal kat,900,10776,i5
2025-01-03 07:21:55,5233,bain mary,sambar,900,4333,i8
2025-01-03 07:26:28,12031,bain mary,sambar,900,11131,i8
2025-01-03 07:28:29,2758,punjabi counter,idiyappams,1140,1618,i13
2025-01-03 07:36:56,6734,big round tray,batata wada saran,800,5934,i10
2025-01-03 07:39:56,6129,cooker 2,idlis,2415,3714,i7
2025-01-03 07:40:21,7092,stew vessel,stew,1200,5892,i14
2025-01-03 07:54:03,3049,dosa counter,matki,650,2399,i87
2025-01-03 07:54:41,2852,dosa counter,chutney sandwich,650,2202,i41
2025-01-03 07:54:53,4090,dosa counter,chutney sandwich,650,3440,i41
2025-01-03 09:25:57,9016,bucket,sambar,1000,8016,i8
2025-01-03 10:11:10,2531,big round tray,tandoor dahi,800,1731,i109
2025-01-03 10:13:21,4812,cooker 2,idlis,2415,2397,i7
2025-01-03 10:31:54,9696,bucket,sambar,1000,8696,i8
2025-01-03 11:21:03,4542,cooker 2,idlis,2415,2127,i7
2025-01-03 11:22:31,14511,pavbhaji vessel,chole,3300,11211,i25
2025-01-03 11:37:58,11368,pavbhaji vessel,pavbhaji,3300,8068,i27
2025-01-03 11:42:18,7064,punjabi counter,akkha masoor,1140,5924,i35
2025-01-03 11:42:36,4761,punjabi counter,mix veg kheema,1140,3621,i36
2025-01-03 11:42:53,4240,punjabi counter,veg shahi kurma,1140,3100,i40
2025-01-03 11:43:12,5620,punjabi counter,pithla,1140,4480,i30
2025-01-03 11:43:41,2855,dosa counter,bharit,650,2205,i32
2025-01-03 11:43:52,2645,dosa counter,methi mutter malai,650,1995,i39
2025-01-03 11:44:18,4989,punjabi counter,lasuni palak paneer,1140,3849,i37
2025-01-03 11:44:39,7975,punjabi counter,dal khichdi dal,1140,6835,i28
2025-01-03 11:45:00,6929,punjabi counter,paneer butter masala,1140,5789,i38
2025-01-03 13:27:10,9620,bucket,sambar,1000,8620,i8
2025-01-03 14:13:20,8844,bain mary,chole,900,7944,i25
2025-01-03 15:10:48,3273,big round tray,batata wada saran,800,2473,i10
2025-01-03 15:56:00,2131,ghamela,bhajani thalipeeth,760,1371,i1
2025-01-03 16:57:01,9216,aluminium vessel,batata wada saran,1700,7516,i10
2025-01-03 18:40:16,7976,bucket,south indian chutney,1000,6976,i90
2025-01-03 18:52:29,2222,small vessel,besan,400,1822,i76
2025-01-03 21:10:01,8133,bain mary,sambar,900,7233,i8
2025-01-03 06:53:51,1842,dosa counter,chopped kanda,650,1192,i21
2025-01-03 07:06:18,13597,set dosa vessel,dosa pith,650,12947,i18
2025-01-03 07:07:14,14418,set dosa vessel,dosa pith,650,13768,i18
2025-01-03 07:08:15,5913,medium round,set dosa pith,800,5113,i17
2025-01-03 07:08:24,3168,small vessel,set dosa pith,400,2768,i17
2025-01-03 07:08:51,730,sandwich counter,chutney idiyappam,450,280,i15
2025-01-03 07:12:07,1144,dosa counter,kanda kothimbir,650,494,i156
2025-01-03 07:16:44,2960,small vessel,plain dahi,400,2560,i114
2025-01-03 07:21:17,1001,sandwich counter,presto sauce,450,551,i138
2025-01-03 07:23:42,1736,sandwich counter,paneer peri peri,450,1286,i46
2025-01-03 07:24:06,1717,sandwich counter,paneer peri peri,450,1267,i46
2025-01-03 07:24:19,1047,sandwich counter,spinach corn stuffing,450,597,i133
2025-01-03 07:24:30,4102,ghamela,aloo paratha kanik,760,3342,i3
2025-01-03 07:24:52,561,sandwich counter,fried kanda,450,111,i134
2025-01-03 07:25:12,657,sandwich counter,bell peppers,450,207,i140
2025-01-03 07:26:20,839,sandwich counter,spinach corn stuffing,450,389,i133
2025-01-03 07:26:35,6284,ragda vessel,sambar,1200,5084,i8
2025-01-03 07:26:52,847,sandwich counter,spinach corn stuffing,450,397,i133
2025-01-03 07:36:43,2840,dosa counter,south indian chutney,650,2190,i90
2025-01-03 07:42:02,1318,sandwich counter,south indian chutney,450,868,i90
2025-01-03 07:53:27,3120,dosa counter,chutney sandwich,650,2470,i41
2025-01-03 07:54:01,770,sandwich counter,chopped kanda,450,320,i21
2025-01-03 07:54:10,2813,steel tray,pattice,800,2013,i142
2025-01-03 07:54:53,393,sandwich counter,mirchi,450,145,i23
2025-01-03 07:55:06,944,sandwich counter,chopped tomato,450,494,i24
2025-01-03 08:05:40,1253,sandwich counter,paneer junglee stuffing,450,803,i136
2025-01-03 08:09:12,1217,sandwich counter,chutney idiyappam,450,767,i15
2025-01-03 08:24:37,2337,black tray,pattice,300,2037,i142
2025-01-03 08:28:20,1253,sandwich counter,bombay sandwich stuffing,450,803,i135
2025-01-03 08:28:37,1633,black tray,pattice,300,1333,i142
2025-01-03 08:34:39,6426,empty,bread,0,6426,i50
2025-01-03 08:34:49,6458,empty,bread,0,6458,i50
2025-01-03 08:34:59,4105,empty,bread,0,4105,i50
2025-01-03 08:40:06,9060,pavbhaji vessel,south indian chutney,3300,5760,i90
2025-01-03 09:27:07,4481,dosa counter,chutney idiyappam,650,3831,i15
2025-01-03 10:07:51,1447,small round tray,batata wada chutney,400,1047,i166
2025-01-03 10:11:06,8498,big round tray,tandoori aata,800,7698,i75
2025-01-03 10:13:30,3117,dosa counter,chopped kanda,650,2467,i21
2025-01-03 10:23:17,1066,sandwich counter,mirchi thecha,450,616,i123
2025-01-03 10:29:08,2072,dosa counter,chopped kanda,650,1422,i21
2025-01-03 10:30:04,1752,small round tray,chopped paneer,400,1352,i51
2025-01-03 10:30:25,912,sandwich counter,tandoor dahi,450,462,i109
2025-01-03 10:48:11,9183,pavbhaji vessel,south indian chutney,3300,5883,i90
2025-01-03 10:56:49,1352,empty,lotus biscoff cheese cake,0,1352,i173
2025-01-03 10:57:09,1242,empty,chocolate truffle,0,1242,i176
2025-01-03 12:48:47,812,empty,blue berries,0,812,i148
2025-01-03 12:49:22,5660,empty,banana,0,5660,i147
2025-01-03 12:49:43,360,empty,kothimbir,0,360,i22
2025-01-03 12:50:10,2698,empty,dragon fruit,0,2698,i152
2025-01-03 12:50:40,1103,empty,pomegranate,0,1103,i159
2025-01-03 12:51:10,12288,blue tray,apples,1233,11055,i150
2025-01-03 12:51:29,2674,empty,pears,0,2674,i151
2025-01-03 12:52:06,13146,empty,oranges,0,13146,i153
2025-01-03 12:52:49,36416,empty,watermelon,0,36416,i149
2025-01-03 13:50:28,4709,dosa counter,dosa bhaji,650,4059,i19
2025-01-03 13:51:01,4706,dosa counter,dosa bhaji,650,4056,i19
2025-01-03 15:21:54,1038,sandwich counter,chopped kanda,450,588,i21
2025-01-03 15:22:14,690,sandwich counter,chopped tomato,450,240,i24
2025-01-03 15:23:49,614,sandwich counter,kothimbir,450,164,i22
2025-01-03 16:23:29,1064,sandwich counter,cucumber,450,614,i144
2025-01-03 16:41:09,4653,dosa counter,pasta,650,4003,i56
2025-01-03 16:42:58,799,sandwich counter,pasta,450,349,i56
2025-01-03 16:43:06,548,sandwich counter,veg cutting,450,98,i42
2025-01-03 16:43:16,272,sandwich counter,kothimbir,450,178,i22
2025-01-03 16:44:34,2060,dosa counter,chutney idiyappam,650,1410,i15
2025-01-03 16:45:13,5962,punjabi counter,paneer butter masala,1140,4822,i38
2025-01-03 16:46:56,662,sandwich counter,bell peppers,450,212,i140
2025-01-03 16:48:47,720,sandwich counter,paneer peri peri,450,270,i46
2025-01-03 16:49:46,884,sandwich counter,cherry tomato,450,434,i129
2025-01-03 17:04:50,5288,ghamela,aloo paratha kanik,760,4528,i3
2025-01-03 18:13:27,2453,dosa counter,chopped kanda,650,1803,i21
2025-01-03 18:18:24,5812,big round tray,bhatura kanik,800,5012,i26
2025-01-03 18:31:40,3687,dosa counter,white sauce,650,3037,i57
2025-01-03 18:32:25,1309,steel tray,aloo tikki,800,509,i130
2025-01-03 18:33:31,3341,ragda vessel,ragda,1200,2141,i132
2025-01-03 18:37:41,1427,small round tray,lemon,400,1027,i141
2025-01-03 18:38:27,4471,big round tray,chopped kanda,800,3671,i21
2025-01-03 18:55:36,792,small round tray,pineapple,400,392,i146
2025-01-03 19:09:28,715,sandwich counter,chopped kanda,450,265,i21
2025-01-04 06:25:30,5176,dosa counter,plain dahi,650,4526,i114
2025-01-04 06:25:46,4235,bain mary,shira,900,3335,i165
2025-01-04 06:26:02,5250,dosa counter,plain dahi,650,4600,i114
2025-01-04 06:37:57,1128,sandwich counter,chopped kanda,450,678,i21
2025-01-04 06:40:47,432,sandwich counter,kothimbir,450,156,i22
2025-01-04 06:52:34,1038,sandwich counter,chopped tomato,450,588,i24
2025-01-04 07:19:13,7443,bain mary,upma,900,6543,i104
2025-01-04 07:19:35,11505,bain mary,misal kat,900,10605,i5
2025-01-04 07:23:11,732,sandwich counter,khobra,450,282,i82
2025-01-04 07:23:20,3925,big round tray,aloo paratha kanik,800,3125,i3
2025-01-04 07:23:48,5416,ghamela,bhajani thalipeeth,760,4656,i1
2025-01-04 07:27:11,8081,punjabi counter,dosa bhaji,1140,6941,i19
2025-01-04 07:29:14,2540,punjabi counter,idiyappams,1140,1400,i13
2025-01-04 07:30:15,10109,stew vessel,stew,1200,8909,i14
2025-01-04 07:37:54,12175,bain mary,sambar,900,11275,i8
2025-01-04 07:41:23,3043,dosa counter,south indian chutney,650,2393,i90
2025-01-04 07:42:58,5829,bain mary,sambar,900,4929,i8
2025-01-04 07:48:13,2778,big round tray,dahi wada wada,800,1978,i12
2025-01-04 07:50:46,581,sandwich counter,mirchi,450,131,i23
2025-01-04 10:12:37,15300,pavbhaji vessel,chole,3300,12000,i25
2025-01-04 11:52:08,4504,big round tray,batata wada saran,800,3704,i10
2025-01-04 12:00:27,9799,bucket,sambar,1000,8799,i8
2025-01-04 12:36:46,5348,cooker 2,idlis,2415,2933,i7
2025-01-04 12:51:19,7843,bucket,sambar,1000,6843,i8
2025-01-04 13:59:41,5439,bain mary,sambar,900,4539,i8
2025-01-04 14:08:41,8471,bucket,sambar,1000,7471,i8
2025-01-04 15:29:30,2095,ghamela,bhajani thalipeeth,760,1335,i1
2025-01-04 16:20:25,4481,big round tray,bhatura kanik,800,3681,i26
2025-01-04 16:22:33,5348,dosa counter,plain dahi,650,4698,i114
2025-01-04 16:22:49,5357,dosa counter,plain dahi,650,4707,i114
2025-01-04 16:24:31,2187,small vessel,besan,400,1787,i76
2025-01-04 16:25:06,3089,big round tray,sabudana wada saran,800,2289,i11
2025-01-04 16:25:35,3402,big round tray,medu wada pith,800,2602,i107
2025-01-04 16:27:20,923,dosa counter,dahi wada wada,650,273,i12
2025-01-04 16:31:55,13377,pavbhaji vessel,chole,3300,10077,i25
2025-01-04 16:34:18,7078,big round tray,batata wada saran,800,6278,i10
2025-01-04 17:02:40,5251,cooker 2,idlis,2415,2836,i7
2025-01-04 17:05:32,712,small round tray,batata wada chutney,400,312,i166
2025-01-04 17:14:07,9632,bucket,south indian chutney,1000,8632,i90
2025-01-04 17:20:08,4872,medium round,batata wada saran,800,4072,i10
2025-01-04 17:30:29,1558,small round tray,matki,400,1158,i87
2025-01-04 18:40:10,5953,punjabi counter,akkha masoor,1140,4813,i35
2025-01-04 18:45:49,2226,small vessel,besan,400,1826,i76
2025-01-04 19:15:44,10955,big round tray,pavbhaji,800,10155,i27
2025-01-04 19:19:31,4613,dosa counter,bharit,650,3963,i32
2025-01-04 19:19:52,2223,small round tray,methi mutter malai,400,1823,i39
2025-01-04 19:20:13,5892,punjabi counter,akkha masoor,1140,4752,i35
2025-01-04 19:20:32,3859,punjabi counter,veg shahi kurma,1140,2719,i40
2025-01-04 19:20:44,4783,punjabi counter,mix veg kheema,1140,3643,i36
2025-01-04 19:21:01,6721,punjabi counter,pithla,1140,5581,i30
2025-01-04 19:21:28,7537,pavbhaji vessel,dal khichdi dal,3300,4237,i28
2025-01-04 19:21:51,8352,pavbhaji vessel,sambar,3300,5052,i8
2025-01-04 19:22:05,5288,punjabi counter,paneer butter masala,1140,4148,i38
2025-01-04 19:22:18,3013,punjabi counter,lasuni palak paneer,1140,1873,i37
2025-01-04 19:22:32,1825,steel tray,pat wadi,800,1025,i33
2025-01-04 19:22:51,434,dosa counter,chutney idiyappam,650,767,i15
2025-01-04 19:41:42,3948,dosa counter,red sauce,650,3298,i58
2025-01-04 19:49:43,11286,bain mary,sambar,900,10386,i8
2025-01-04 06:47:24,1508,dosa counter,chopped paneer,650,858,i51
2025-01-04 06:47:35,1861,dosa counter,chopped kanda,650,1211,i21
2025-01-04 06:51:06,15420,set dosa vessel,dosa pith,650,14770,i18
2025-01-04 06:51:24,15577,set dosa vessel,dosa pith,650,14927,i18
2025-01-04 06:52:22,5743,medium round tray,set dosa pith,500,5243,i17
2025-01-04 06:55:41,2071,small vessel,chutney idiyappam,400,1671,i15
2025-01-04 07:13:36,1301,sandwich counter,presto sauce,450,851,i138
2025-01-04 07:13:58,1303,sandwich counter,presto sauce,450,853,i138
2025-01-04 07:20:31,677,sandwich counter,fried kanda,450,227,i134
2025-01-04 07:20:40,1050,sandwich counter,spinach corn stuffing,450,600,i133
2025-01-04 07:21:13,1394,sandwich counter,paneer peri peri,450,944,i46
2025-01-04 07:21:49,706,sandwich counter,chopped tomato,450,256,i24
2025-01-04 07:22:14,1865,sandwich counter,paneer peri peri,450,1415,i46
2025-01-04 07:22:36,793,sandwich counter,spinach corn stuffing,450,343,i133
2025-01-04 07:27:05,3787,dosa counter,chutney sandwich,650,3137,i41
2025-01-04 07:31:35,1458,dosa counter,kanda kothimbir,650,808,i156
2025-01-04 07:33:02,823,sandwich counter,chutney sandwich,450,373,i41
2025-01-04 07:38:19,2267,black tray,pattice,300,1967,i142
2025-01-04 07:38:31,1225,sandwich counter,paneer junglee stuffing,450,775,i136
2025-01-04 07:42:23,1353,sandwich counter,bombay sandwich stuffing,450,903,i135
2025-01-04 07:51:11,1250,sandwich counter,chutney idiyappam,450,800,i15
2025-01-04 07:53:46,6531,aluminium vessel,sambar,1700,4831,i8
2025-01-04 07:54:41,3322,black tray,pattice,300,3022,i142
2025-01-04 08:07:46,989,sandwich counter,mirchi thecha,450,539,i123
2025-01-04 08:08:04,2079,steel tray,chopped paneer,800,1279,i51
2025-01-04 08:08:35,1199,sandwich counter,cucumber,450,749,i144
2025-01-04 08:08:58,968,sandwich counter,capsicum,450,518,i143
2025-01-04 08:09:09,713,sandwich counter,capsicum,450,263,i143
2025-01-04 08:09:23,351,sandwich counter,mirchi,450,-99,i23
2025-01-04 08:09:41,863,sandwich counter,chopped kanda,450,413,i21
2025-01-04 08:09:52,1071,sandwich counter,chopped tomato,450,621,i24
2025-01-04 08:16:22,914,flat tray(taatli),chopped tomato,200,714,i24
2025-01-04 08:28:11,4844,empty,garlic bread,0,4844,i128
2025-01-04 08:31:25,6345,empty,bread,0,6345,i50
2025-01-04 08:31:36,6218,empty,bread,0,6218,i50
2025-01-04 08:32:14,1905,black tray,pattice,300,1605,i142
2025-01-04 08:35:54,9920,pavbhaji vessel,south indian chutney,3300,6620,i90
2025-01-04 08:46:38,3034,black tray,pattice,300,2734,i142
2025-01-04 09:26:16,8893,pavbhaji vessel,south indian chutney,3300,5593,i90
2025-01-04 09:37:12,1436,empty,lotus biscoff cheese cake,0,1436,i173
2025-01-04 09:39:29,1237,empty,blueberry cheese cake,0,1237,i70
2025-01-04 09:40:08,1162,empty,nutella hazelnut,0,1162,i175
2025-01-04 09:53:44,4650,dosa counter,chutney idiyappam,650,4000,i15
2025-01-04 10:15:10,2309,dosa counter,chopped kanda,650,1659,i21
2025-01-04 10:15:30,8297,big round tray,aloo paratha kanik,800,7497,i3
2025-01-04 10:21:36,8893,punjabi counter,dosa bhaji,1140,7753,i19
2025-01-04 10:24:22,1007,dosa counter,kothimbir,650,357,i22
2025-01-04 10:32:57,1051,small round tray,tandoor dahi,400,651,i109
2025-01-04 10:33:07,1457,small round tray,chopped paneer,400,1057,i51
2025-01-04 10:33:20,2022,dosa counter,chopped kanda,650,1372,i21
2025-01-04 10:42:08,862,small round tray,pineapple,400,462,i146
2025-01-04 10:48:34,24249,big aluminium,dosa pith,2000,22249,i18
2025-01-04 10:58:43,9417,pavbhaji vessel,south indian chutney,3300,6117,i90
2025-01-04 11:43:56,7053,pavbhaji vessel,south indian chutney,3300,3753,i90
2025-01-04 12:37:19,3071,small vessel,sambar,400,2671,i8
2025-01-04 12:38:48,2599,small vessel,sambar,400,2199,i8
2025-01-04 13:45:12,4343,dosa counter,dosa bhaji,650,3693,i19
2025-01-04 14:31:50,2842,dosa counter,plain dahi,650,2192,i114
2025-01-04 15:05:34,1703,aluminium vessel,aloo tikki,1700,3,i130
2025-01-04 15:06:07,2201,steel tray,chopped paneer,800,1401,i51
2025-01-04 15:40:44,1272,empty,lotus biscoff cheese cake,0,1272,i173
2025-01-04 16:22:05,1883,dosa counter,chopped kanda,650,1233,i21
2025-01-04 16:22:19,3597,dosa counter,chopped kanda,650,2947,i21
2025-01-04 16:24:13,1646,flat tray(taatli),chopped kanda,200,1446,i21
2025-01-04 16:30:04,541,sandwich counter,chopped kanda,450,91,i21
2025-01-04 16:30:16,412,sandwich counter,kothimbir,450,-38,i22
2025-01-04 16:30:29,1731,sandwich counter,chutney sandwich,450,1281,i41
2025-01-04 16:30:40,1407,dosa counter,chopped kanda,650,757,i21
2025-01-04 16:31:19,1853,sandwich counter,plain dahi,450,1403,i114
2025-01-04 16:31:32,2123,small vessel,badam halwa,400,1723,i74
2025-01-04 16:31:52,7083,bain mary,akrod halwa,900,6183,i73
2025-01-04 16:33:18,4346,aluminium vessel,plain dal,1700,2646,i95
2025-01-04 16:41:04,1870,sandwich counter,plain dahi,450,1420,i114
2025-01-04 16:43:16,4663,punjabi counter,pasta,1140,3523,i56
2025-01-04 16:43:31,2861,dosa counter,pasta,650,2211,i56
2025-01-04 16:43:55,2221,sandwich counter,Manis paste,450,1771,i179
2025-01-04 16:44:22,1559,sandwich counter,paneer peri peri,450,1109,i46
2025-01-04 16:44:45,2056,dosa counter,white sauce,650,1406,i57
2025-01-04 16:45:48,700,sandwich counter,veg cutting,450,250,i42
2025-01-04 17:13:19,1451,sandwich counter,bombay sandwich stuffing,450,1001,i135
2025-01-04 17:22:06,2640,flat tray(taatli),veg cutlet,200,2440,i16
2025-01-04 18:06:48,7298,big round tray,aloo paratha kanik,800,6498,i3
2025-01-04 18:14:24,2016,small round tray,lemon,400,1616,i141
2025-01-04 18:24:11,854,sandwich counter,chopped kanda,450,404,i21
2025-01-04 18:24:20,4250,big round tray,chopped kanda,800,3450,i21
2025-01-04 18:26:46,1680,flat tray(taatli),chopped kanda,200,1480,i21
2025-01-04 18:49:56,829,small round tray,pineapple,400,429,i146
2025-01-04 19:11:47,708,sandwich counter,cucumber,450,258,i144
2025-01-04 19:24:19,1067,big round tray,chopped kanda,800,267,i21
2025-01-04 21:24:02,874,flat tray(taatli),kothimbir,200,674,i22
2025-01-05 06:29:02,4614,bain mary,shira,900,3714,i165
2025-01-05 06:43:21,986,sandwich counter,chopped kanda,450,536,i21
2025-01-05 06:47:18,404,sandwich counter,kothimbir,145,259,i22
2025-01-05 06:57:21,877,sandwich counter,chopped tomato,450,427,i24
2025-01-05 07:01:48,8335,bain mary,upma,900,7435,i104
2025-01-05 07:16:22,5504,ghamela,bhajani thalipeeth,760,4744,i1
2025-01-05 07:19:11,729,sandwich counter,khobra,450,279,i82
2025-01-05 07:21:20,3767,big round tray,medu wada wada,800,2967,i9
2025-01-05 07:21:53,3798,big round tray,medu wada wada,800,2998,i9
2025-01-05 07:22:08,3819,big round tray,medu wada wada,800,3019,i9
2025-01-05 07:24:42,2670,punjabi counter,idiyappams,1140,1530,i13
2025-01-05 07:25:56,9953,stew vessel,stew,1200,8753,i14
2025-01-05 07:28:35,8137,punjabi counter,dosa bhaji,1140,6997,i19
2025-01-05 07:29:32,11276,bain mary,misal kat,900,10376,i5
2025-01-05 07:33:18,2939,dosa counter,south indian chutney,650,2289,i90
2025-01-05 07:40:08,1074,sandwich counter,lemon,450,624,i141
2025-01-05 07:41:37,12916,bain mary,sambar,900,12016,i8
2025-01-05 07:55:10,6376,small round,sambar,350,6026,i8
2025-01-05 08:54:07,9856,bucket,sambar,1000,8856,i8
2025-01-05 09:23:17,9978,bucket,sambar,1000,8978,i8
2025-01-05 09:46:14,2361,punjabi counter,idiyappams,1140,1221,i13
2025-01-05 10:01:08,6411,cooker 2,idlis,2415,3996,i7
2025-01-05 10:03:32,10065,bucket,sambar,1000,9065,i8
2025-01-05 10:15:46,2909,big round tray,tandoor dahi,800,2109,i109
2025-01-05 10:22:21,16286,pavbhaji vessel,chole,3300,12986,i25
2025-01-05 10:23:08,14226,pavbhaji vessel,pavbhaji,3300,10926,i27
2025-01-05 10:30:39,11211,bain mary,sambar,900,10311,i8
2025-01-05 11:12:35,1899,dosa counter,matki,650,1249,i87
2025-01-05 11:23:33,7017,punjabi counter,akkha masoor,1140,5877,i35
2025-01-05 11:23:50,6138,punjabi counter,veg shahi kurma,1140,4998,i40
2025-01-05 11:24:27,5114,punjabi counter,mix veg kheema,1140,3974,i36
2025-01-05 11:24:44,6624,punjabi counter,pithla,1140,5484,i30
2025-01-05 11:25:00,4803,dosa counter,bharit,650,4153,i32
2025-01-05 11:25:17,3518,small vessel,methi mutter malai,400,3118,i39
2025-01-05 11:25:32,4517,punjabi counter,lasuni palak paneer,1140,3377,i37
2025-01-05 11:26:02,7267,punjabi counter,paneer butter masala,1140,6127,i38
2025-01-05 11:27:35,8111,punjabi counter,dal khichdi dal,1140,6971,i28
2025-01-05 11:38:07,2414,steel tray,pat wadi,800,1614,i33
2025-01-05 11:38:56,2412,steel tray,pat wadi,800,1612,i33
2025-01-05 11:47:40,11298,bain mary,sambar,900,10398,i8
2025-01-05 12:07:08,5396,bain mary,sambar,900,4496,i8
2025-01-05 12:42:18,9270,bucket,sambar,1000,8270,i8
2025-01-05 12:59:44,5018,dosa counter,plain dahi,650,4368,i114
2025-01-05 15:37:44,1161,aluminium vessel,besan,1700,989,i76
2025-01-05 15:47:03,2448,ghamela,bhajani thalipeeth,760,1688,i1
2025-01-05 16:27:57,10030,bucket,south indian chutney,1000,9030,i90
2025-01-05 16:46:54,10560,big round tray,pavbhaji,800,9760,i27
2025-01-05 16:58:45,3366,small round,stew,350,3016,i14
2025-01-05 16:59:21,4232,ghamela,batata wada saran,760,3472,i10
2025-01-05 17:16:44,9425,big round tray,batata wada saran,800,8625,i10
2025-01-05 19:14:21,1973,small round,besan,350,1623,i76
2025-01-05 19:20:39,5754,punjabi counter,mix veg kheema,1140,4614,i36
2025-01-05 19:20:54,4547,punjabi counter,veg shahi kurma,1140,3407,i40
2025-01-05 19:21:10,5500,punjabi counter,pithla,1140,4360,i30
2025-01-05 19:21:37,6541,punjabi counter,paneer butter masala,1140,5401,i38
2025-01-05 19:22:38,6551,punjabi counter,paneer butter masala,1140,5411,i38
2025-01-05 19:23:53,4413,punjabi counter,lasuni palak paneer,1140,3273,i37
2025-01-05 19:24:07,2936,dosa counter,methi mutter malai,650,2286,i39
2025-01-05 19:37:44,5733,punjabi counter,dal khichdi dal,1140,4593,i28
2025-01-05 19:54:26,8237,bain mary,sambar,900,7337,i8
2025-01-05 21:02:12,8865,bain mary,sambar,900,7965,i8
2025-01-05 06:52:54,14623,set dosa vessel,dosa pith,650,13973,i18
2025-01-05 06:53:31,14509,set dosa vessel,dosa pith,650,13859,i18
2025-01-05 06:54:32,6275,small vessel,set dosa pith,400,5875,i17
2025-01-05 07:04:49,2941,dosa counter,kanda kothimbir,650,2291,i156
2025-01-05 07:20:43,1629,dosa counter,chopped kanda,650,979,i21
2025-01-05 07:26:17,4009,dosa counter,chutney sandwich,650,3359,i41
2025-01-05 07:28:03,1393,sandwich counter,presto sauce,450,943,i138
2025-01-05 07:35:40,1476,sandwich counter,paneer peri peri,450,1026,i46
2025-01-05 07:35:49,2058,sandwich counter,paneer peri peri,450,1608,i46
2025-01-05 07:36:07,502,sandwich counter,fried kanda,450,52,i134
2025-01-05 07:36:26,598,sandwich counter,bell peppers,450,148,i140
2025-01-05 07:37:00,1353,sandwich counter,bombay sandwich stuffing,450,903,i135
2025-01-05 07:37:09,2338,steel tray,pattice,800,1538,i142
2025-01-05 07:37:21,769,sandwich counter,spinach corn stuffing,450,319,i133
2025-01-05 07:37:57,1421,sandwich counter,plain dahi,450,971,i114
2025-01-05 07:40:04,2083,black tray,pattice,300,1783,i142
2025-01-05 07:49:09,1192,sandwich counter,chutney idiyappam,450,742,i15
2025-01-05 07:50:48,1127,sandwich counter,cucumber,450,677,i144
2025-01-05 07:51:22,793,sandwich counter,chopped kanda,450,343,i21
2025-01-05 08:03:22,1266,sandwich counter,paneer junglee stuffing,450,816,i136
2025-01-05 08:14:57,2079,black tray,pattice,300,1779,i142
2025-01-05 08:15:12,2424,steel tray,pattice,800,1624,i142
2025-01-05 08:18:16,9803,pavbhaji vessel,south indian chutney,3300,6503,i90
2025-01-05 08:31:00,6393,empty,bread,0,6393,i50
2025-01-05 08:31:10,6473,empty,bread,0,6473,i50
2025-01-05 08:31:28,4762,empty,garlic bread,0,4762,i128
2025-01-05 08:41:33,1178,sandwich counter,mirchi thecha,450,728,i123
2025-01-05 08:50:08,2270,black tray,pattice,300,1970,i142
2025-01-05 08:50:28,2067,steel tray,blueberry cheese cake,800,1267,i70
2025-01-05 08:51:07,1898,black tray,pattice,300,1598,i142
2025-01-05 09:14:02,8223,pavbhaji vessel,south indian chutney,3300,4923,i90
2025-01-05 09:26:40,3206,small vessel,set dosa pith,400,2806,i17
2025-01-05 09:29:38,2052,black tray,pattice,300,1752,i142
2025-01-05 09:36:38,5533,punjabi counter,dosa bhaji,1140,4393,i19
2025-01-05 10:12:02,6372,big round tray,aloo paratha kanik,800,5572,i3
2025-01-05 10:16:08,1142,sandwich counter,chutney idiyappam,450,692,i15
2025-01-05 10:19:28,2159,dosa counter,chopped kanda,650,1509,i21
2025-01-05 10:20:42,2169,dosa counter,chopped kanda,650,1519,i21
2025-01-05 10:26:20,9818,pavbhaji vessel,south indian chutney,3300,6518,i90
2025-01-05 10:37:14,1008,small round tray,tandoor dahi,400,608,i109
2025-01-05 10:37:25,1698,small round tray,chopped paneer,400,1298,i51
2025-01-05 10:52:36,826,small round tray,pineapple,400,426,i146
2025-01-05 10:53:02,737,small round tray,brocolli,400,337,i48
2025-01-05 11:07:36,9248,pavbhaji vessel,south indian chutney,3300,5948,i90
2025-01-05 11:15:28,2187,dosa counter,white sauce,650,1537,i57
2025-01-05 11:15:38,2545,dosa counter,pasta,650,1895,i56
2025-01-05 11:15:59,5872,dosa counter,chutney idiyappam,650,5222,i15
2025-01-05 11:16:15,7025,punjabi counter,pasta,1140,5885,i56
2025-01-05 11:16:28,7692,punjabi counter,white sauce,1140,6552,i57
2025-01-05 11:40:23,20507,big aluminium,dosa pith,2000,18507,i18
2025-01-05 11:57:51,9093,punjabi counter,dosa bhaji,1140,7953,i19
2025-01-05 12:33:53,1398,dosa counter,kanda kothimbir,650,748,i156
2025-01-05 13:02:55,2517,empty,banana,0,2517,i147
2025-01-05 13:03:07,4138,empty,apples,0,4138,i150
2025-01-05 13:03:20,753,empty,dragon fruit,0,753,i152
2025-01-05 13:04:59,11410,empty,oranges,0,11410,i153
2025-01-05 13:06:15,22163,empty,watermelon,0,22163,i149
2025-01-05 14:08:17,1369,sandwich counter,rajma bhaji,450,919,i85
2025-01-05 14:10:02,713,sandwich counter,bell peppers,450,263,i140
2025-01-05 14:27:25,1721,small round,chutney idiyappam,350,1371,i15
2025-01-05 15:01:40,624,sandwich counter,pasta,450,174,i56
2025-01-05 15:22:44,2135,sandwich counter,plain dahi,450,1685,i114
2025-01-05 15:23:03,1947,sandwich counter,goad pani(bhel),450,1497,i60
2025-01-05 15:23:31,1993,steel tray,aloo tikki,800,1193,i130
2025-01-05 15:26:12,5672,empty,bun,0,5672,i49
2025-01-05 15:27:00,2272,small round tray,chutney idiyappam,400,1872,i15
2025-01-05 15:27:42,655,sandwich counter,chopped tomato,450,205,i24
2025-01-05 15:30:45,828,sandwich counter,chopped kanda,450,378,i21
2025-01-05 15:37:01,1917,dosa counter,brocolli,650,1267,i48
2025-01-05 16:19:33,986,flat tray(taatli),chopped kanda,200,786,i21
2025-01-05 16:35:36,4872,ragda vessel,sambar,1200,3672,i8
2025-01-05 16:48:04,1520,sandwich counter,bombay sandwich stuffing,450,1070,i135
2025-01-05 16:49:19,4022,aluminium vessel,chopped kanda,1700,2322,i21
2025-01-05 16:51:14,1238,dosa counter,kanda kothimbir,650,588,i156
2025-01-05 16:52:16,2949,flat tray(taatli),aloo paratha saran,200,2749,i2
2025-01-05 16:53:04,3317,big round tray,aloo paratha kanik,800,2517,i3
2025-01-05 17:20:17,5413,ghamela,aloo paratha kanik,760,4653,i3
2025-01-05 17:32:28,3281,flat tray(taatli),veg cutlet,200,3081,i16
2025-01-05 18:08:22,2422,small vessel,lemon,400,2022,i141
2025-01-05 18:10:27,644,sandwich counter,lemon,450,194,i141
2025-01-05 18:11:12,4927,big round tray,chopped kanda,800,4127,i21
2025-01-05 18:15:53,1067,sandwich counter,chopped kanda,450,617,i21
2025-01-05 18:16:11,10125,big round tray,aloo paratha kanik,800,9325,i3
2025-01-05 18:23:22,2536,dosa counter,chopped kanda,650,1886,i21
2025-01-05 18:34:27,2761,punjabi counter,pasta,1140,1621,i56
2025-01-05 18:36:39,6832,punjabi counter,pasta,1140,5692,i56
2025-01-05 18:42:26,4622,small vessel,set dosa pith,400,4222,i17
2025-01-05 19:31:47,1201,small round tray,veg cutting,400,801,i42
2025-01-05 21:32:10,2318,dosa counter,chopped tomato,650,1668,i24
2025-01-06 06:33:08,5088,dosa counter,plain dahi,650,4438,i114
2025-01-06 06:44:45,1159,sandwich counter,chopped kanda,450,709,i21
2025-01-06 06:46:28,3586,big round tray,sabudana wada saran,800,2786,i11
2025-01-06 06:50:49,15869,set dosa vessel,dosa pith,650,15219,i18
2025-01-06 06:52:34,1053,sandwich counter,chopped tomato,450,603,i24
2025-01-06 06:55:31,2592,small vessel,besan,400,2192,i76
2025-01-06 06:55:42,1629,small vessel,besan,400,1229,i76
2025-01-06 06:56:36,984,sandwich counter,lemon,450,534,i141
2025-01-06 06:58:41,5839,bain mary,upma,900,4939,i104
2025-01-06 07:05:15,1245,flat tray(taatli),mirchi,200,1045,i23
2025-01-06 07:06:55,1907,small round tray,batata bhaji batata,400,1507,i81
2025-01-06 07:13:12,849,sandwich counter,khobra,450,399,i82
2025-01-06 07:15:47,5288,ghamela,bhajani thalipeeth,760,4528,i1
2025-01-06 07:19:54,7403,punjabi counter,dosa bhaji,1140,6263,i19
2025-01-06 07:22:49,4490,big round tray,medu wada wada,800,3690,i9
2025-01-06 07:23:26,3052,big round tray,dahi wada wada,800,2252,i12
2025-01-06 07:23:38,11337,bain mary,misal kat,900,10437,i5
2025-01-06 07:24:32,4851,big round tray,batata wada saran,800,4051,i10
2025-01-06 07:31:45,2707,punjabi counter,idiyappams,1140,1567,i13
2025-01-06 07:33:55,3903,ghamela,aloo paratha kanik,760,3143,i3
2025-01-06 07:34:32,12156,bain mary,sambar,900,11256,i8
2025-01-06 07:37:56,6582,cooker 2,idlis,2415,4167,i7
2025-01-06 07:38:32,7706,stew vessel,stew,1200,6506,i14
2025-01-06 07:41:17,5551,small round,sambar,350,5201,i8
2025-01-06 07:43:30,5611,bain mary,sambar,900,4711,i8
2025-01-06 07:45:24,2523,big round tray,aloo paratha saran,800,1723,i2
2025-01-06 09:40:24,10132,bucket,sambar,1000,9132,i8
2025-01-06 10:18:38,2662,big round tray,tandoor dahi,800,1862,i109
2025-01-06 11:49:04,6395,punjabi counter,akkha masoor,1140,5255,i35
2025-01-06 11:49:32,5473,punjabi counter,veg shahi kurma,1140,4333,i40
2025-01-06 11:49:48,4158,punjabi counter,mix veg kheema,1140,3018,i36
2025-01-06 11:50:05,6226,punjabi counter,pithla,1140,5086,i30
2025-01-06 11:50:19,5340,punjabi counter,lasuni palak paneer,1140,4200,i37
2025-01-06 11:50:32,3342,dosa counter,methi mutter malai,650,2692,i39
2025-01-06 11:50:48,5995,punjabi counter,paneer butter masala,1140,4855,i38
2025-01-06 11:51:02,3621,dosa counter,bharit,650,2971,i32
2025-01-06 11:51:17,6902,punjabi counter,dal khichdi dal,1140,5762,i28
2025-01-06 11:51:32,1805,steel tray,pat wadi,800,1005,i33
2025-01-06 11:52:12,12610,pavbhaji vessel,misal kat,3300,9310,i5
2025-01-06 12:09:38,8767,bucket,sambar,1000,7767,i8
2025-01-06 13:07:41,4790,cooker 2,idlis,2415,2375,i7
2025-01-06 16:18:09,5772,dosa counter,plain dahi,650,5122,i114
2025-01-06 16:18:31,2607,small vessel,besan,400,2207,i76
2025-01-06 16:19:09,5212,big round tray,batata wada saran,800,4412,i10
2025-01-06 17:03:46,12383,bain mary,sambar,900,11483,i8
2025-01-06 17:04:21,8306,big round tray,pavbhaji,800,7506,i27
2025-01-06 17:31:23,8709,bucket,south indian chutney,1000,7709,i90
2025-01-06 17:45:32,2023,flat tray(taatli),aloo paratha saran,200,1823,i2
2025-01-06 17:46:56,2464,ghamela,bhajani thalipeeth,760,1704,i1
2025-01-06 18:48:27,5223,punjabi counter,pithla,1140,4083,i30
2025-01-06 18:53:47,5205,punjabi counter,pithla,1140,4065,i30
2025-01-06 20:30:57,4309,small round tray,sambar,400,3909,i8
2025-01-06 06:50:33,13593,set dosa vessel,dosa pith,650,12943,i18
2025-01-06 06:59:47,854,sandwich counter,chutney idiyappam,450,404,i15
2025-01-06 07:31:30,2289,dosa counter,chutney sandwich,650,1639,i41
2025-01-06 07:31:54,999,sandwich counter,presto sauce,450,549,i138
2025-01-06 07:34:42,1326,sandwich counter,south indian chutney,450,876,i90
2025-01-06 07:38:45,689,sandwich counter,bell peppers,450,239,i140
2025-01-06 07:39:24,775,sandwich counter,spinach corn stuffing,450,325,i133
2025-01-06 07:40:02,1474,sandwich counter,paneer peri peri,450,1024,i46
2025-01-06 07:40:38,604,sandwich counter,fried kanda,450,154,i134
2025-01-06 07:40:50,1483,sandwich counter,paneer peri peri,450,1033,i46
2025-01-06 07:41:28,2423,steel tray,pattice,800,1623,i142
2025-01-06 07:46:35,335,sandwich counter,kothimbir,450,156,i22
2025-01-06 07:46:52,383,sandwich counter,mirchi,450,176,i23
2025-01-06 07:47:05,838,sandwich counter,capsicum,450,388,i143
2025-01-06 07:47:17,705,sandwich counter,capsicum,450,255,i143
2025-01-06 07:47:36,930,sandwich counter,chopped tomato,450,480,i24
2025-01-06 07:47:48,807,sandwich counter,chopped kanda,450,357,i21
2025-01-06 07:47:58,767,sandwich counter,chopped tomato,450,317,i24
2025-01-06 07:48:10,1023,sandwich counter,cucumber,450,573,i144
2025-01-06 07:49:49,2447,small vessel,plain dahi,400,2047,i114
2025-01-06 07:51:09,4442,dosa counter,south indian chutney,650,3792,i90
2025-01-06 07:56:01,2146,black tray,pattice,300,1846,i142
2025-01-06 08:04:34,1261,sandwich counter,chutney idiyappam,450,811,i15
2025-01-06 08:13:47,1327,sandwich counter,rajma bhaji,450,877,i85
2025-01-06 08:14:09,1369,sandwich counter,bombay sandwich stuffing,450,919,i135
2025-01-06 08:15:02,1962,sandwich counter,paneer peri peri,450,1512,i46
2025-01-06 08:22:30,6331,empty,bread,0,6331,i50
2025-01-06 08:23:52,1362,small round tray,batata wada chutney,400,962,i166
2025-01-06 08:31:23,2021,small round tray,plain dahi,400,1621,i114
2025-01-06 08:38:07,2713,black tray,pattice,300,2413,i142
2025-01-06 08:41:43,1618,steel tray,pattice,800,818,i142
2025-01-06 09:00:15,1049,sandwich counter,mirchi thecha,450,599,i123
2025-01-06 09:54:27,4665,dosa counter,mysore chutney,650,4015,i20
2025-01-06 10:37:15,7324,big round tray,tandoori aata,800,6524,i75
2025-01-06 10:40:04,9319,pavbhaji vessel,south indian chutney,3300,6019,i90
2025-01-06 10:44:17,1024,sandwich counter,paneer junglee stuffing,450,574,i136
2025-01-06 11:17:49,1298,small round tray,chopped paneer,400,898,i51
2025-01-06 11:27:24,2655,dosa counter,pasta,650,2005,i56
2025-01-06 11:27:38,2125,dosa counter,Mac & cheeze sauce,650,1475,i59
2025-01-06 11:28:25,5061,punjabi counter,pasta,1140,3921,i56
2025-01-06 11:28:49,7113,small round tray,white sauce,400,6713,i57
2025-01-06 11:55:15,989,empty,brocolli,0,989,i48
2025-01-06 12:48:38,4472,empty,apples,0,4472,i150
2025-01-06 12:49:50,1183,empty,banana,0,1183,i147
2025-01-06 12:50:19,893,empty,dragon fruit,0,893,i152
2025-01-06 12:50:38,1930,empty,apples,0,1930,i150
2025-01-06 12:51:22,499,empty,pears,0,499,i151
2025-01-06 13:22:34,4170,dosa counter,dosa bhaji,650,3520,i19
2025-01-06 14:03:47,1580,dosa counter,aloo tikki,650,930,i130
2025-01-06 15:15:42,3680,steel tray,goad pani(bhel),800,2880,i60
2025-01-06 15:16:21,1402,sandwich counter,chopped tomato,450,952,i24
2025-01-06 15:50:23,1018,sandwich counter,kanda kothimbir,450,568,i156
2025-01-06 16:13:22,1447,flat tray(taatli),chopped kanda,200,1247,i21
2025-01-06 16:13:33,663,dosa counter,kothimbir,650,136,i22
2025-01-06 16:14:23,1058,sandwich counter,chopped tomato,450,608,i24
2025-01-06 16:14:32,3548,sandwich counter,chopped kanda,450,3098,i21
2025-01-06 16:15:20,1326,dosa counter,bombay sandwich stuffing,650,676,i135
2025-01-06 17:12:09,1022,sandwich counter,paneer peri peri,450,572,i46
2025-01-06 17:18:19,1609,sandwich counter,Manis paste,450,1159,i179
2025-01-06 17:19:52,1346,sandwich counter,sambal,450,896,i170
2025-01-06 17:20:37,383,sandwich counter,kothimbir,450,123,i22
2025-01-06 17:20:48,356,sandwich counter,kothimbir,450,165,i22
2025-01-06 17:21:15,826,sandwich counter,baby corn,450,376,i178
2025-01-06 17:28:34,4710,ghamela,aloo paratha kanik,760,3950,i3
2025-01-06 18:07:31,840,sandwich counter,chopped kanda,450,390,i21
2025-01-06 18:12:15,1842,small round tray,lemon,400,1442,i141
2025-01-06 18:19:42,811,sandwich counter,chopped kanda,450,361,i21
2025-01-06 18:19:53,3932,big round tray,chopped kanda,800,3132,i21
2025-01-06 18:21:50,5022,big round tray,bhatura kanik,800,4222,i26
2025-01-06 18:36:47,4032,ragda vessel,ragda,1200,2832,i132
2025-01-06 18:47:25,863,sandwich counter,veg cutting,450,413,i42
2025-01-06 18:50:34,6739,empty,veg cutting,0,6739,i42
2025-01-06 18:59:57,2479,dosa counter,bell peppers,650,1829,i140
2025-01-06 19:08:34,1645,empty,chopped paneer,0,1645,i51
2025-01-06 19:55:02,653,small round tray,mirchi,400,253,i23
2025-01-06 19:55:36,589,small round tray,ola khobra,400,189,i180
2025-01-06 19:57:37,2987,dosa counter,garlic paste,650,2337,i182
2025-01-06 19:57:46,3408,dosa counter,ginger paste,650,2758,i122
2025-01-06 20:25:14,3477,big aluminium,dal khichdi rice,2000,1477,i29
2025-01-07 06:31:31,3868,bain mary,shira,900,2968,i165
2025-01-07 06:51:49,5337,bain mary,upma,900,4437,i104
2025-01-07 06:59:14,2191,aluminium vessel,besan,1700,491,i76
2025-01-07 07:00:03,3770,big round tray,sabudana wada saran,800,2970,i11
2025-01-07 07:20:30,4766,big round tray,bhajani thalipeeth,800,3966,i1
2025-01-07 07:25:28,7903,punjabi counter,dosa bhaji,1140,6763,i19
2025-01-07 07:27:26,10873,bain mary,misal kat,900,9973,i5
2025-01-07 07:29:15,4791,big round tray,batata wada saran,800,3991,i10
2025-01-07 07:33:32,762,sandwich counter,khobra,450,312,i82
2025-01-07 07:34:19,6178,cooker 2,idlis,2415,3763,i7
2025-01-07 07:34:38,1447,small round,matki,350,1097,i87
2025-01-07 07:34:49,2299,ghamela,aloo paratha saran,760,1539,i2
2025-01-07 07:35:02,983,sandwich counter,chopped kanda,450,533,i21
2025-01-07 07:36:50,12276,bain mary,sambar,900,11376,i8
2025-01-07 07:39:14,2584,big round tray,dahi wada wada,800,1784,i12
2025-01-07 07:41:11,850,flat tray(taatli),mirchi,200,650,i23
2025-01-07 07:43:49,7574,stew vessel,stew,1200,6374,i14
2025-01-07 07:47:02,2476,punjabi counter,idiyappams,1140,1336,i13
2025-01-07 09:08:17,1367,dosa counter,south indian chutney,650,717,i90
2025-01-07 09:57:46,10585,pavbhaji vessel,pavbhaji,3300,7285,i27
2025-01-07 10:02:35,12113,pavbhaji vessel,chole,3300,8813,i25
2025-01-07 10:34:16,5976,cooker 2,idlis,2415,3561,i7
2025-01-07 11:51:33,3379,dosa counter,bharit,650,2729,i32
2025-01-07 11:51:42,2798,dosa counter,methi mutter malai,650,2148,i39
2025-01-07 11:52:05,5921,punjabi counter,akkha masoor,1140,4781,i35
2025-01-07 11:52:22,4524,punjabi counter,veg shahi kurma,1140,3384,i40
2025-01-07 11:52:40,5232,punjabi counter,mix veg kheema,1140,4092,i36
2025-01-07 11:53:04,5175,punjabi counter,pithla,1140,4035,i30
2025-01-07 11:53:31,4676,punjabi counter,lasuni palak paneer,1140,3536,i37
2025-01-07 11:53:54,5568,punjabi counter,paneer butter masala,1140,4428,i38
2025-01-07 11:54:18,5645,punjabi counter,dal khichdi dal,1140,4505,i28
2025-01-07 13:23:56,4731,small vessel,set dosa pith,400,4331,i17
2025-01-07 14:12:17,10525,bain mary,sambar,900,9625,i8
2025-01-07 17:04:19,8402,medium round,batata wada saran,800,7602,i10
2025-01-07 17:17:17,5401,dosa counter,plain dahi,650,4751,i114
2025-01-07 17:24:36,2507,big round tray,bhajani thalipeeth,800,1707,i1
2025-01-07 17:37:46,8931,bain mary,south indian chutney,900,8031,i90
2025-01-07 18:00:42,2750,flat tray(taatli),aloo paratha saran,200,2550,i2
2025-01-07 18:37:17,3510,big round tray,batata wada saran,800,2710,i10
2025-01-07 18:57:11,2239,small vessel,besan,400,1839,i76
2025-01-07 19:00:17,2907,ghamela,sabudana wada saran,760,2147,i11
2025-01-07 06:43:44,1914,dosa counter,chopped kanda,650,1264,i21
2025-01-07 06:48:20,15140,set dosa vessel,dosa pith,650,14490,i18
2025-01-07 06:48:38,15059,set dosa vessel,dosa pith,650,14409,i18
2025-01-07 07:01:22,826,sandwich counter,chutney idiyappam,450,376,i15
2025-01-07 07:25:34,1276,sandwich counter,paneer peri peri,450,826,i46
2025-01-07 07:36:50,3748,dosa counter,chutney sandwich,650,3098,i41
2025-01-07 07:40:59,810,sandwich counter,chutney sandwich,450,360,i41
2025-01-07 07:42:37,2736,dosa counter,south indian chutney,650,2086,i90
2025-01-07 07:50:16,1321,sandwich counter,south indian chutney,450,871,i90
2025-01-07 07:51:02,3340,black tray,pattice,300,3040,i142
2025-01-07 07:56:14,1154,sandwich counter,presto sauce,450,704,i138
2025-01-07 07:56:42,670,sandwich counter,bell peppers,450,220,i140
2025-01-07 07:57:37,1228,sandwich counter,bombay sandwich stuffing,450,778,i135
2025-01-07 08:00:58,1146,sandwich counter,chopped tomato,450,696,i24
2025-01-07 08:01:11,432,sandwich counter,mirchi,450,156,i23
2025-01-07 08:01:27,1033,sandwich counter,cucumber,450,583,i144
2025-01-07 08:01:38,988,sandwich counter,capsicum,450,538,i143
2025-01-07 08:01:48,735,sandwich counter,capsicum,450,285,i143
2025-01-07 08:01:59,917,sandwich counter,chopped kanda,450,467,i21
2025-01-07 08:03:29,1210,sandwich counter,chutney idiyappam,450,760,i15
2025-01-07 08:18:44,1356,sandwich counter,rajma bhaji,450,906,i85
2025-01-07 08:18:54,735,sandwich counter,spinach corn stuffing,450,285,i133
2025-01-07 08:19:04,826,sandwich counter,spinach corn stuffing,450,376,i133
2025-01-07 08:25:15,5785,ragda vessel,sambar,1200,4585,i8
2025-01-07 08:30:31,3686,black tray,pattice,300,3386,i142
2025-01-07 08:34:04,6384,empty,bread,0,6384,i50
2025-01-07 08:34:15,6431,empty,bread,0,6431,i50
2025-01-07 08:41:14,993,sandwich counter,mirchi thecha,450,543,i123
2025-01-07 08:51:07,1047,sandwich counter,paneer junglee stuffing,450,597,i136
2025-01-07 09:59:08,10682,pavbhaji vessel,south indian chutney,3300,7382,i90
2025-01-07 10:21:33,1966,dosa counter,chopped kanda,650,1316,i21
2025-01-07 10:28:29,8084,big round tray,bhatura kanik,800,7284,i26
2025-01-07 10:42:27,4435,dosa counter,mysore chutney,650,3785,i20
2025-01-07 11:03:55,1249,empty,blueberry cheese cake,0,1249,i70
2025-01-07 11:28:45,1405,small round tray,chopped paneer,400,1005,i51
2025-01-07 11:38:17,5332,punjabi counter,red sauce,1140,4192,i58
2025-01-07 11:54:05,7627,punjabi counter,pasta,1140,6487,i56
2025-01-07 12:15:19,1785,empty,apples,0,1785,i150
2025-01-07 12:15:40,2726,empty,oranges,0,2726,i153
2025-01-07 12:32:11,862,sandwich counter,chopped kanda,450,412,i21
2025-01-07 12:32:54,767,sandwich counter,chopped tomato,450,317,i24
2025-01-07 12:48:26,23697,blue tray,chopped kanda,1233,22464,i21
2025-01-07 13:06:53,995,small round tray,mushroom,400,595,i47
2025-01-07 13:07:03,2367,dosa counter,chopped kanda,650,1717,i21
2025-01-07 13:09:08,1541,empty,lotus biscoff cheese cake,0,1541,i173
2025-01-07 13:58:47,11082,biggest vessel,dosa pith,5350,5732,i18
2025-01-07 15:57:39,1601,dal rice vessel,kothimbir,800,801,i22
2025-01-07 15:58:08,784,flat tray(taatli),spring onion,200,584,i171
2025-01-07 15:58:52,766,flat tray(taatli),capsicum,200,566,i143
2025-01-07 16:03:44,3503,dosa counter,chopped kanda,650,2853,i21
2025-01-07 16:47:50,11890,empty,watermelon,0,11890,i149
2025-01-07 16:48:26,1273,flat tray(taatli),chopped kanda,200,1073,i21
2025-01-07 17:05:03,1669,sandwich counter,bombay sandwich stuffing,450,1219,i135
2025-01-07 17:22:32,7140,empty,sambur bhaji,0,7140,i121
2025-01-07 18:23:05,749,small round tray,pineapple,400,349,i146
2025-01-07 18:28:50,4621,big round tray,bhatura kanik,800,3821,i26
2025-01-07 18:30:00,699,dosa counter,kothimbir,650,49,i22
2025-01-07 18:30:09,1108,dosa counter,chopped kanda,650,458,i21
2025-01-07 18:32:17,3687,big round tray,chopped kanda,800,2887,i21
2025-01-07 18:32:43,522,small round,kothimbir,350,172,i22
2025-01-07 18:33:19,1570,small round tray,lemon,400,1170,i141
2025-01-07 19:30:32,4113,ragda vessel,ragda,1200,2913,i132
2025-01-07 19:31:08,1477,steel tray,aloo tikki,800,677,i130
2025-01-07 19:56:24,713,small round tray,mirchi,400,313,i23
2025-01-07 19:56:41,973,small round tray,pineapple,400,573,i146
2025-01-07 19:57:03,716,small round tray,ola khobra,400,316,i180
2025-01-07 19:57:57,647,small round tray,ola khobra,400,247,i180
2025-01-07 19:58:34,4037,dosa counter,garlic paste,650,3387,i182
2025-01-07 19:58:46,4094,dosa counter,ginger paste,650,3444,i122
2025-01-07 20:11:02,2780,dosa counter,chutney sandwich,650,2130,i41
2025-01-07 21:48:33,771,small round tray,pineapple,400,371,i146
2025-01-08 06:19:24,574,sandwich counter,batata wada chutney,450,453,i166
2025-01-08 06:19:33,307,sandwich counter,mirchi,450,145,i23
2025-01-08 06:29:24,4625,ghamela,tandul pith,760,3865,i113
2025-01-08 06:31:35,3637,bain mary,shira,900,2737,i165
2025-01-08 06:34:08,5265,dosa counter,plain dahi,650,4615,i114
2025-01-08 06:34:28,5243,dosa counter,plain dahi,650,4593,i114
2025-01-08 06:44:42,1374,sandwich counter,chopped kanda,450,924,i21
2025-01-08 06:48:43,3721,big round tray,sabudana wada saran,800,2921,i11
2025-01-08 06:57:24,1045,flat tray(taatli),mirchi,200,845,i23
2025-01-08 07:03:16,1387,small round tray,chopped kanda,400,987,i21
2025-01-08 07:08:50,2560,small vessel,besan,400,2160,i76
2025-01-08 07:10:17,1198,sandwich counter,chopped tomato,450,748,i24
2025-01-08 07:15:28,917,sandwich counter,khobra,450,467,i82
2025-01-08 07:15:53,3702,bain mary,upma,900,2802,i104
2025-01-08 07:19:55,4880,big round tray,bhajani thalipeeth,800,4080,i1
2025-01-08 07:24:39,3551,big round tray,batata wada saran,800,2751,i10
2025-01-08 07:24:52,706,sandwich counter,kothimbir,450,256,i22
2025-01-08 07:25:13,1295,sandwich counter,plain dahi,450,845,i114
2025-01-08 07:26:46,11043,bain mary,misal kat,900,10143,i5
2025-01-08 07:28:25,12663,bain mary,sambar,900,11763,i8
2025-01-08 07:30:25,4231,big round tray,medu wada wada,800,3431,i9
2025-01-08 07:36:28,7962,punjabi counter,dosa bhaji,1140,6822,i19
2025-01-08 07:43:01,2567,ghamela,aloo paratha saran,760,1807,i2
2025-01-08 07:44:57,2739,big round tray,dahi wada wada,800,1939,i12
2025-01-08 07:51:15,6285,cooker 2,idlis,2415,3870,i7
2025-01-08 07:53:55,7963,stew vessel,stew,1200,6763,i14
2025-01-08 08:03:41,2724,punjabi counter,idiyappams,1140,1584,i13
2025-01-08 08:41:10,5127,bain mary,sambar,900,4227,i8
2025-01-08 09:41:09,16195,pavbhaji vessel,chole,3300,12895,i25
2025-01-08 09:44:25,9966,bucket,sambar,1000,8966,i8
2025-01-08 10:23:49,5142,cooker 2,idlis,2415,2727,i7
2025-01-08 11:44:21,7040,punjabi counter,akkha masoor,1140,5900,i35
2025-01-08 11:44:47,5368,punjabi counter,mix veg kheema,1140,4228,i36
2025-01-08 11:45:26,4889,punjabi counter,veg shahi kurma,1140,3749,i40
2025-01-08 11:45:46,6857,punjabi counter,pithla,1140,5717,i30
2025-01-08 11:46:16,3514,dosa counter,methi mutter malai,650,2864,i39
2025-01-08 11:46:31,4197,dosa counter,bharit,650,3547,i32
2025-01-08 11:46:50,4310,punjabi counter,lasuni palak paneer,1140,3170,i37
2025-01-08 11:47:06,6296,punjabi counter,paneer butter masala,1140,5156,i38
2025-01-08 11:47:35,5306,punjabi counter,dal khichdi dal,1140,4166,i28
2025-01-08 11:53:50,10039,bucket,sambar,1000,9039,i8
2025-01-08 13:36:39,4726,cooker 2,idlis,2415,2311,i7
2025-01-08 13:48:50,11836,bain mary,sambar,900,10936,i8
2025-01-08 14:17:05,4331,dosa counter,plain dahi,650,3681,i114
2025-01-08 15:17:33,2747,big round tray,sabudana wada saran,800,1947,i11
2025-01-08 15:18:38,2512,big round tray,bhajani thalipeeth,800,1712,i1
2025-01-08 15:27:27,2388,small vessel,besan,400,1988,i76
2025-01-08 15:33:08,2653,ghamela,aloo paratha saran,760,1893,i2
2025-01-08 16:32:38,8243,pavbhaji vessel,pavbhaji,3300,4943,i27
2025-01-08 16:54:19,4962,big round tray,batata wada saran,800,4162,i10
2025-01-08 17:15:36,7452,big round tray,batata wada saran,800,6652,i10
2025-01-08 17:25:11,1791,ghamela,bhatura kanik,760,1031,i26
2025-01-08 17:33:02,8995,bain mary,south indian chutney,900,8095,i90
2025-01-08 18:13:48,1761,big round tray,medu wada wada,800,961,i9
2025-01-08 19:00:25,5655,punjabi counter,pithla,1140,4515,i30
2025-01-08 19:00:51,4209,punjabi counter,lasuni palak paneer,1140,3069,i37
2025-01-08 19:01:11,3159,dosa counter,methi mutter malai,650,2509,i39
2025-01-08 19:02:01,5440,punjabi counter,paneer butter masala,1140,4300,i38
2025-01-08 19:02:36,5860,punjabi counter,dal khichdi dal,1140,4720,i28
2025-01-08 20:00:47,1488,small round,besan,350,1138,i76
2025-01-08 20:18:50,2716,big round tray,sabudana wada saran,800,1916,i11
2025-01-08 06:31:54,510,white plate,chopped kanda,340,170,i21
2025-01-08 06:35:07,1083,flat tray(taatli),cauliflower,200,883,i155
2025-01-08 06:50:45,1205,dosa counter,kothimbir,650,555,i22
2025-01-08 06:51:35,1259,flat tray(taatli),veg cutting,200,1059,i42
2025-01-08 07:00:37,1454,dosa counter,chopped paneer,650,804,i51
2025-01-08 07:04:14,13999,dosa vessel,dosa pith,1700,12299,i18
2025-01-08 07:06:06,13616,dosa vessel,dosa pith,1700,11916,i18
2025-01-08 07:06:55,5625,set dosa vessel,set dosa pith,650,4975,i17
2025-01-08 07:16:27,637,sandwich counter,chopped kanda,450,187,i21
2025-01-08 07:17:28,367,sandwich counter,khobra,450,134,i82
2025-01-08 07:17:53,896,sandwich counter,chopped tomato,450,446,i24
2025-01-08 07:19:42,997,sandwich counter,chutney sandwich,450,547,i41
2025-01-08 07:29:06,1595,dosa counter,kanda kothimbir,650,945,i156
2025-01-08 07:29:50,2902,dosa counter,south indian chutney,650,2252,i90
2025-01-08 07:30:00,320,sandwich counter,kothimbir,450,154,i22
2025-01-08 07:31:45,4986,ghamela,aloo paratha kanik,760,4226,i3
2025-01-08 07:39:11,1392,sandwich counter,south indian chutney,450,942,i90
2025-01-08 07:39:23,1387,sandwich counter,paneer peri peri,450,937,i46
2025-01-08 07:39:56,957,sandwich counter,bell peppers,450,507,i140
2025-01-08 07:40:16,739,sandwich counter,spinach corn stuffing,450,289,i133
2025-01-08 07:40:28,1475,sandwich counter,paneer peri peri,450,1025,i46
2025-01-08 07:40:43,2986,dosa counter,chopped kanda,650,2336,i21
2025-01-08 07:41:17,594,sandwich counter,fried kanda,450,144,i134
2025-01-08 07:42:31,3745,black tray,pattice,300,3445,i142
2025-01-08 07:42:51,808,sandwich counter,mushroom crepes,450,358,i137
2025-01-08 07:50:00,1217,sandwich counter,chutney idiyappam,450,767,i15
2025-01-08 07:50:12,5495,ragda vessel,sambar,1200,4295,i8
2025-01-08 07:55:43,554,sandwich counter,lemon,450,104,i141
2025-01-08 08:05:51,1022,sandwich counter,bombay sandwich stuffing,450,572,i135
2025-01-08 08:08:10,760,sandwich counter,tikhat pani bhel,450,310,i61
2025-01-08 08:08:22,2738,dosa counter,chutney sandwich,650,2088,i41
2025-01-08 08:08:48,487,sandwich counter,mirchi,450,37,i23
2025-01-08 08:14:16,792,sandwich counter,lemon,450,342,i141
2025-01-08 08:19:40,1151,sandwich counter,paneer junglee stuffing,450,701,i136
2025-01-08 08:20:09,1169,sandwich counter,cucumber,450,719,i144
2025-01-08 08:20:18,805,sandwich counter,chopped kanda,450,355,i21
2025-01-08 08:20:32,931,sandwich counter,chopped tomato,450,481,i24
2025-01-08 08:20:41,632,sandwich counter,capsicum,450,182,i143
2025-01-08 08:31:29,1390,sandwich counter,rajma bhaji,450,940,i85
2025-01-08 08:35:40,2414,dosa counter,chopped kanda,650,1764,i21
2025-01-08 08:36:35,1445,flat tray(taatli),chopped kanda,200,1245,i21
2025-01-08 08:37:47,2134,big round tray,khobra,800,1334,i82
2025-01-08 08:37:58,5389,blue tray,khobra,1233,4156,i82
2025-01-08 09:02:18,2783,dosa counter,south indian chutney,650,2133,i90
2025-01-08 09:04:09,7548,pavbhaji vessel,south indian chutney,3300,4248,i90
2025-01-08 09:34:46,1349,small round tray,batata wada chutney,400,949,i166
2025-01-08 09:44:12,2294,dosa counter,chopped kanda,650,1644,i21
2025-01-08 09:49:45,731,sandwich counter,mirchi thecha,450,281,i123
2025-01-08 10:00:08,2346,flat tray(taatli),chopped tomato,200,2146,i24
2025-01-08 10:02:26,4440,big round tray,chopped kanda,800,3640,i21
2025-01-08 10:25:27,5599,ghamela,aloo paratha kanik,760,4839,i3
2025-01-08 11:11:45,2994,bucket,pancake pith,1000,1994,i139
2025-01-08 11:12:14,5820,punjabi counter,white sauce,1140,4680,i57
2025-01-08 11:12:42,2101,dosa counter,Mac & cheeze sauce,650,1451,i59
2025-01-08 11:13:12,4614,punjabi counter,pasta,1140,3474,i56
2025-01-08 11:13:43,2853,punjabi counter,pasta,1140,1713,i56
2025-01-08 11:15:33,3509,dosa counter,mysore chutney,650,2859,i20
2025-01-08 11:18:45,189,empty,blue berries,0,189,i148
2025-01-08 11:19:03,328,empty,pears,0,328,i151
2025-01-08 11:19:27,1513,empty,banana,0,1513,i147
2025-01-08 11:19:48,3178,empty,oranges,0,3178,i153
2025-01-08 11:20:30,4593,empty,apples,0,4593,i150
2025-01-08 14:21:51,2586,dosa counter,chopped kanda,650,1936,i21
2025-01-08 14:25:14,3682,dosa counter,dosa bhaji,650,3032,i19
2025-01-08 14:25:45,3653,dosa counter,dosa bhaji,650,3003,i19
2025-01-08 14:53:05,1424,flat tray(taatli),aloo tikki,200,1224,i130
2025-01-08 15:06:31,17665,blue tray,chopped kanda,1233,16432,i21
2025-01-08 15:51:21,896,flat tray(taatli),kanda kothimbir,200,696,i156
2025-01-08 15:53:08,305,sandwich counter,kothimbir,450,164,i22
2025-01-08 15:53:26,1378,sandwich counter,chopped kanda,450,928,i21
2025-01-08 15:53:56,3142,sandwich counter,tikhat pani bhel,450,1485,i61
2025-01-08 15:53:56,4069,sandwich counter,goad pani(bhel),450,2134,i60
2025-01-08 15:54:51,2447,sandwich counter,plain dahi,450,1997,i114
2025-01-08 15:55:49,1623,flat tray(taatli),aloo tikki,200,1423,i130
2025-01-08 15:56:43,6141,dosa counter,chopped kanda,650,1587,i21
2025-01-08 16:16:46,4524,punjabi counter,pasta,1140,3384,i56
2025-01-08 16:24:20,3652,ragda vessel,ragda,1200,2452,i132
2025-01-08 16:47:40,4695,empty,chopped kanda,0,4695,i21
2025-01-08 16:49:15,956,sandwich counter,bombay sandwich stuffing,450,506,i135
2025-01-08 16:50:20,2200,dosa counter,chopped kanda,650,1550,i21
2025-01-08 16:58:54,869,sandwich counter,spinach corn stuffing,450,419,i133
2025-01-08 16:59:06,956,sandwich counter,bombay sandwich stuffing,450,506,i135
2025-01-08 17:06:57,988,flat tray(taatli),chopped kanda,200,788,i21
2025-01-08 17:07:44,931,sandwich counter,bombay sandwich stuffing,450,481,i135
2025-01-08 17:46:11,1652,flat tray(taatli),veg cutlet,200,1452,i16
2025-01-08 18:05:34,5501,big round tray,bhatura kanik,800,4701,i26
2025-01-08 18:23:18,2672,small vessel,lemon,400,2272,i141
2025-01-08 18:25:27,620,small plate,chopped kanda,100,520,i21
2025-01-08 18:25:42,4457,big round tray,chopped kanda,800,3657,i21
2025-01-08 18:26:00,627,small plate,chopped kanda,100,527,i21
2025-01-08 18:31:12,2399,dosa counter,corn,650,1749,i52
2025-01-08 18:33:01,1650,dosa counter,brocolli,650,1000,i48
2025-01-08 18:34:27,2393,dosa counter,corn,650,1743,i52
2025-01-08 18:35:33,1649,dosa counter,brocolli,650,999,i48
2025-01-08 18:42:50,1624,dosa counter,chopped kanda,650,974,i21
2025-01-08 18:43:04,2413,dosa counter,chopped kanda,650,1763,i21